titulo_seccion,codigo_indicador,INDICATOR_NAME,estado
Agriculture & Rural Development,AG.LND.CREL.HA,Land under cereal production (hectares),https://data.worldbank.org/indicator/AG.LND.CREL.HA?view=chart
Agriculture & Rural Development,AG.PRD.CREL.MT,Cereal production (metric tons),https://data.worldbank.org/indicator/AG.PRD.CREL.MT?view=chart
Agriculture & Rural Development,AG.PRD.CROP.XD,Crop production index (2014-2016 = 100),https://data.worldbank.org/indicator/AG.PRD.CROP.XD?view=chart
Agriculture & Rural Development,AG.PRD.FOOD.XD,Food production index (2014-2016 = 100),https://data.worldbank.org/indicator/AG.PRD.FOOD.XD?view=chart
Agriculture & Rural Development,AG.PRD.LVSK.XD,Livestock production index (2014-2016 = 100),https://data.worldbank.org/indicator/AG.PRD.LVSK.XD?view=chart
Agriculture & Rural Development,AG.YLD.CREL.KG,Cereal yield (kg per hectare),https://data.worldbank.org/indicator/AG.YLD.CREL.KG?view=chart
Agriculture & Rural Development,AG.YLD.CREL.KG,Cereal yield (kg per hectare),https://data.worldbank.org/indicator/AG.YLD.CREL.KG?view=chart
Climate Change,AG.YLD.CREL.KG,Cereal yield (kg per hectare),https://data.worldbank.org/indicator/AG.YLD.CREL.KG?view=chart
Climate Change,AG.YLD.CREL.KG,Cereal yield (kg per hectare),https://data.worldbank.org/indicator/AG.YLD.CREL.KG?view=chart
Agriculture & Rural Development,SL.AGR.EMPL.FE.ZS,"Employment in agriculture, female (% of female employment) (modeled ILO estimate)",https://data.worldbank.org/indicator/SL.AGR.EMPL.FE.ZS?view=chart
Agriculture & Rural Development,SL.AGR.EMPL.FE.ZS,"Employment in agriculture, female (% of female employment) (modeled ILO estimate)",https://data.worldbank.org/indicator/SL.AGR.EMPL.FE.ZS?view=chart
Gender,SL.AGR.EMPL.FE.ZS,"Employment in agriculture, female (% of female employment) (modeled ILO estimate)",https://data.worldbank.org/indicator/SL.AGR.EMPL.FE.ZS?view=chart
Gender,SL.AGR.EMPL.FE.ZS,"Employment in agriculture, female (% of female employment) (modeled ILO estimate)",https://data.worldbank.org/indicator/SL.AGR.EMPL.FE.ZS?view=chart
Social Protection & Labor,SL.AGR.EMPL.FE.ZS,"Employment in agriculture, female (% of female employment) (modeled ILO estimate)",https://data.worldbank.org/indicator/SL.AGR.EMPL.FE.ZS?view=chart
Social Protection & Labor,SL.AGR.EMPL.FE.ZS,"Employment in agriculture, female (% of female employment) (modeled ILO estimate)",https://data.worldbank.org/indicator/SL.AGR.EMPL.FE.ZS?view=chart
Agriculture & Rural Development,SL.AGR.EMPL.MA.ZS,"Employment in agriculture, male (% of male employment) (modeled ILO estimate)",https://data.worldbank.org/indicator/SL.AGR.EMPL.MA.ZS?view=chart
Agriculture & Rural Development,SL.AGR.EMPL.MA.ZS,"Employment in agriculture, male (% of male employment) (modeled ILO estimate)",https://data.worldbank.org/indicator/SL.AGR.EMPL.MA.ZS?view=chart
Gender,SL.AGR.EMPL.MA.ZS,"Employment in agriculture, male (% of male employment) (modeled ILO estimate)",https://data.worldbank.org/indicator/SL.AGR.EMPL.MA.ZS?view=chart
Gender,SL.AGR.EMPL.MA.ZS,"Employment in agriculture, male (% of male employment) (modeled ILO estimate)",https://data.worldbank.org/indicator/SL.AGR.EMPL.MA.ZS?view=chart
Social Protection & Labor,SL.AGR.EMPL.MA.ZS,"Employment in agriculture, male (% of male employment) (modeled ILO estimate)",https://data.worldbank.org/indicator/SL.AGR.EMPL.MA.ZS?view=chart
Social Protection & Labor,SL.AGR.EMPL.MA.ZS,"Employment in agriculture, male (% of male employment) (modeled ILO estimate)",https://data.worldbank.org/indicator/SL.AGR.EMPL.MA.ZS?view=chart
Agriculture & Rural Development,SL.AGR.EMPL.ZS,Employment in agriculture (% of total employment) (modeled ILO estimate),https://data.worldbank.org/indicator/SL.AGR.EMPL.ZS?view=chart
Social Protection & Labor,SL.AGR.EMPL.ZS,Employment in agriculture (% of total employment) (modeled ILO estimate),https://data.worldbank.org/indicator/SL.AGR.EMPL.ZS?view=chart
Agriculture & Rural Development,SP.RUR.TOTL,Rural population,https://data.worldbank.org/indicator/SP.RUR.TOTL?view=chart
Agriculture & Rural Development,SP.RUR.TOTL.ZG,Rural population growth (annual %),https://data.worldbank.org/indicator/SP.RUR.TOTL.ZG?view=chart
Agriculture & Rural Development,SP.RUR.TOTL.ZS,Rural population (% of total population),https://data.worldbank.org/indicator/SP.RUR.TOTL.ZS?view=chart
Aid Effectiveness,SH.TBS.INCD,"Incidence of tuberculosis (per 100,000 people)",https://data.worldbank.org/indicator/SH.TBS.INCD?view=chart
Health,SH.TBS.INCD,"Incidence of tuberculosis (per 100,000 people)",https://data.worldbank.org/indicator/SH.TBS.INCD?view=chart
Aid Effectiveness,SL.EMP.VULN.ZS,"Vulnerable employment, total (% of total employment) (modeled ILO estimate)",https://data.worldbank.org/indicator/SL.EMP.VULN.ZS?view=chart
Social Protection & Labor,SL.EMP.VULN.ZS,"Vulnerable employment, total (% of total employment) (modeled ILO estimate)",https://data.worldbank.org/indicator/SL.EMP.VULN.ZS?view=chart
Aid Effectiveness,SM.POP.NETM,Net migration,https://data.worldbank.org/indicator/SM.POP.NETM?view=chart
Aid Effectiveness,SM.POP.NETM,Net migration,https://data.worldbank.org/indicator/SM.POP.NETM?view=chart
Financial Sector,SM.POP.NETM,Net migration,https://data.worldbank.org/indicator/SM.POP.NETM?view=chart
Financial Sector,SM.POP.NETM,Net migration,https://data.worldbank.org/indicator/SM.POP.NETM?view=chart
Health,SM.POP.NETM,Net migration,https://data.worldbank.org/indicator/SM.POP.NETM?view=chart
Health,SM.POP.NETM,Net migration,https://data.worldbank.org/indicator/SM.POP.NETM?view=chart
Climate Change,BX.KLT.DINV.WD.GD.ZS,"Foreign direct investment, net inflows (% of GDP)",https://data.worldbank.org/indicator/BX.KLT.DINV.WD.GD.ZS?view=chart
Climate Change,BX.KLT.DINV.WD.GD.ZS,"Foreign direct investment, net inflows (% of GDP)",https://data.worldbank.org/indicator/BX.KLT.DINV.WD.GD.ZS?view=chart
Economy & Growth,BX.KLT.DINV.WD.GD.ZS,"Foreign direct investment, net inflows (% of GDP)",https://data.worldbank.org/indicator/BX.KLT.DINV.WD.GD.ZS?view=chart
Economy & Growth,BX.KLT.DINV.WD.GD.ZS,"Foreign direct investment, net inflows (% of GDP)",https://data.worldbank.org/indicator/BX.KLT.DINV.WD.GD.ZS?view=chart
Financial Sector,BX.KLT.DINV.WD.GD.ZS,"Foreign direct investment, net inflows (% of GDP)",https://data.worldbank.org/indicator/BX.KLT.DINV.WD.GD.ZS?view=chart
Financial Sector,BX.KLT.DINV.WD.GD.ZS,"Foreign direct investment, net inflows (% of GDP)",https://data.worldbank.org/indicator/BX.KLT.DINV.WD.GD.ZS?view=chart
Climate Change,SP.POP.GROW,Population growth (annual %),https://data.worldbank.org/indicator/SP.POP.GROW?view=chart
Health,SP.POP.GROW,Population growth (annual %),https://data.worldbank.org/indicator/SP.POP.GROW?view=chart
Climate Change,SP.POP.TOTL,"Population, total",https://data.worldbank.org/indicator/SP.POP.TOTL?view=chart
Health,SP.POP.TOTL,"Population, total",https://data.worldbank.org/indicator/SP.POP.TOTL?view=chart
Climate Change,SP.URB.GROW,Urban population growth (annual %),https://data.worldbank.org/indicator/SP.URB.GROW?view=chart
Climate Change,SP.URB.GROW,Urban population growth (annual %),https://data.worldbank.org/indicator/SP.URB.GROW?view=chart
Urban Development,SP.URB.GROW,Urban population growth (annual %),xxx
Urban Development,SP.URB.GROW,Urban population growth (annual %),xxx
Climate Change,SP.URB.TOTL,Urban population,https://data.worldbank.org/indicator/SP.URB.TOTL?view=chart
Climate Change,SP.URB.TOTL,Urban population,https://data.worldbank.org/indicator/SP.URB.TOTL?view=chart
Climate Change,SP.URB.TOTL.IN.ZS,Urban population (% of total population),https://data.worldbank.org/indicator/SP.URB.TOTL.IN.ZS?view=chart
Climate Change,SP.URB.TOTL.IN.ZS,Urban population (% of total population),https://data.worldbank.org/indicator/SP.URB.TOTL.IN.ZS?view=chart
Urban Development,SP.URB.TOTL.IN.ZS,Urban population (% of total population),xxx
Urban Development,SP.URB.TOTL.IN.ZS,Urban population (% of total population),xxx
Economy & Growth,BX.KLT.DINV.CD.WD,"Foreign direct investment, net inflows (BoP, current US$)",https://data.worldbank.org/indicator/BX.KLT.DINV.CD.WD?view=chart
Economy & Growth,BX.KLT.DINV.CD.WD,"Foreign direct investment, net inflows (BoP, current US$)",https://data.worldbank.org/indicator/BX.KLT.DINV.CD.WD?view=chart
External Debt,BX.KLT.DINV.CD.WD,"Foreign direct investment, net inflows (BoP, current US$)",https://data.worldbank.org/indicator/BX.KLT.DINV.CD.WD?view=chart
External Debt,BX.KLT.DINV.CD.WD,"Foreign direct investment, net inflows (BoP, current US$)",https://data.worldbank.org/indicator/BX.KLT.DINV.CD.WD?view=chart
Financial Sector,BX.KLT.DINV.CD.WD,"Foreign direct investment, net inflows (BoP, current US$)",https://data.worldbank.org/indicator/BX.KLT.DINV.CD.WD?view=chart
Financial Sector,BX.KLT.DINV.CD.WD,"Foreign direct investment, net inflows (BoP, current US$)",https://data.worldbank.org/indicator/BX.KLT.DINV.CD.WD?view=chart
Economy & Growth,BX.TRF.PWKR.CD.DT,"Personal remittances, received (current US$)",https://data.worldbank.org/indicator/BX.TRF.PWKR.CD.DT?view=chart
Economy & Growth,BX.TRF.PWKR.CD.DT,"Personal remittances, received (current US$)",https://data.worldbank.org/indicator/BX.TRF.PWKR.CD.DT?view=chart
External Debt,BX.TRF.PWKR.CD.DT,"Personal remittances, received (current US$)",https://data.worldbank.org/indicator/BX.TRF.PWKR.CD.DT?view=chart
External Debt,BX.TRF.PWKR.CD.DT,"Personal remittances, received (current US$)",https://data.worldbank.org/indicator/BX.TRF.PWKR.CD.DT?view=chart
Financial Sector,BX.TRF.PWKR.CD.DT,"Personal remittances, received (current US$)",https://data.worldbank.org/indicator/BX.TRF.PWKR.CD.DT?view=chart
Financial Sector,BX.TRF.PWKR.CD.DT,"Personal remittances, received (current US$)",https://data.worldbank.org/indicator/BX.TRF.PWKR.CD.DT?view=chart
Economy & Growth,BX.TRF.PWKR.DT.GD.ZS,"Personal remittances, received (% of GDP)",https://data.worldbank.org/indicator/BX.TRF.PWKR.DT.GD.ZS?view=chart
Financial Sector,BX.TRF.PWKR.DT.GD.ZS,"Personal remittances, received (% of GDP)",https://data.worldbank.org/indicator/BX.TRF.PWKR.DT.GD.ZS?view=chart
Economy & Growth,NY.GDP.DEFL.KD.ZG,"Inflation, GDP deflator (annual %)",https://data.worldbank.org/indicator/NY.GDP.DEFL.KD.ZG?view=chart
Economy & Growth,NY.GDP.DEFL.ZS,GDP deflator (base year varies by country),https://data.worldbank.org/indicator/NY.GDP.DEFL.ZS?view=chart
Economy & Growth,NY.GDP.MKTP.CD,GDP (current US$),https://data.worldbank.org/indicator/NY.GDP.MKTP.CD?view=chart
Economy & Growth,NY.GDP.MKTP.CN,GDP (current LCU),https://data.worldbank.org/indicator/NY.GDP.MKTP.CN?view=chart
Economy & Growth,NY.GDP.MKTP.CN.AD,GDP: linked series (current LCU),https://data.worldbank.org/indicator/NY.GDP.MKTP.CN.AD?view=chart
Economy & Growth,NY.GDP.MKTP.KD,GDP (constant 2015 US$),https://data.worldbank.org/indicator/NY.GDP.MKTP.KD?view=chart
Economy & Growth,NY.GDP.MKTP.KD.ZG,GDP growth (annual %),https://data.worldbank.org/indicator/NY.GDP.MKTP.KD.ZG?view=chart
Economy & Growth,NY.GDP.MKTP.KN,GDP (constant LCU),https://data.worldbank.org/indicator/NY.GDP.MKTP.KN?view=chart
Economy & Growth,NY.GDP.MKTP.PP.CD,"GDP, PPP (current international $)",https://data.worldbank.org/indicator/NY.GDP.MKTP.PP.CD?view=chart
Economy & Growth,NY.GDP.MKTP.PP.KD,"GDP, PPP (constant 2017 international $)",https://data.worldbank.org/indicator/NY.GDP.MKTP.PP.KD?view=chart
Economy & Growth,NY.GDP.PCAP.CD,GDP per capita (current US$),https://data.worldbank.org/indicator/NY.GDP.PCAP.CD?view=chart
Economy & Growth,NY.GDP.PCAP.CD,GDP per capita (current US$),https://data.worldbank.org/indicator/NY.GDP.PCAP.CD?view=chart
Economy & Growth,NY.GDP.PCAP.CN,GDP per capita (current LCU),https://data.worldbank.org/indicator/NY.GDP.PCAP.CN?view=chart
Economy & Growth,NY.GDP.PCAP.KD,GDP per capita (constant 2015 US$),https://data.worldbank.org/indicator/NY.GDP.PCAP.KD?view=chart
Economy & Growth,NY.GDP.PCAP.KN,GDP per capita (constant LCU),https://data.worldbank.org/indicator/NY.GDP.PCAP.KN?view=chart
Economy & Growth,NY.GDP.PCAP.PP.CD,"GDP per capita, PPP (current international $)",https://data.worldbank.org/indicator/NY.GDP.PCAP.PP.CD?view=chart
Economy & Growth,NY.GDP.PCAP.PP.KD,"GDP per capita, PPP (constant 2017 international $)",https://data.worldbank.org/indicator/NY.GDP.PCAP.PP.KD?view=chart
Economy & Growth,NY.GNP.ATLS.CD,"GNI, Atlas method (current US$)",https://data.worldbank.org/indicator/NY.GNP.ATLS.CD?view=chart
Economy & Growth,NY.GNP.MKTP.CD,GNI (current US$),https://data.worldbank.org/indicator/NY.GNP.MKTP.CD?view=chart
External Debt,NY.GNP.MKTP.CD,GNI (current US$),https://data.worldbank.org/indicator/NY.GNP.MKTP.CD?view=chart
Economy & Growth,NY.GNP.MKTP.CN,GNI (current LCU),https://data.worldbank.org/indicator/NY.GNP.MKTP.CN?view=chart
Economy & Growth,NY.GNP.MKTP.CN.AD,GNI: linked series (current LCU),https://data.worldbank.org/indicator/NY.GNP.MKTP.CN.AD?view=chart
Economy & Growth,NY.GNP.MKTP.PP.CD,"GNI, PPP (current international $)",https://data.worldbank.org/indicator/NY.GNP.MKTP.PP.CD?view=chart
Economy & Growth,NY.GNP.PCAP.CD,"GNI per capita, Atlas method (current US$)",https://data.worldbank.org/indicator/NY.GNP.PCAP.CD?view=chart
Economy & Growth,NY.GNP.PCAP.CN,GNI per capita (current LCU),https://data.worldbank.org/indicator/NY.GNP.PCAP.CN?view=chart
Economy & Growth,NY.GNP.PCAP.PP.CD,"GNI per capita, PPP (current international $)",https://data.worldbank.org/indicator/NY.GNP.PCAP.PP.CD?view=chart
Economy & Growth,NY.GSR.NFCY.CD,Net primary income (Net income from abroad) (current US$),https://data.worldbank.org/indicator/NY.GSR.NFCY.CD?view=chart
Economy & Growth,NY.GSR.NFCY.CN,Net primary income (Net income from abroad) (current LCU),https://data.worldbank.org/indicator/NY.GSR.NFCY.CN?view=chart
Economy & Growth,PA.NUS.ATLS,DEC alternative conversion factor (LCU per US$),https://data.worldbank.org/indicator/PA.NUS.ATLS?view=chart
Financial Sector,PA.NUS.ATLS,DEC alternative conversion factor (LCU per US$),https://data.worldbank.org/indicator/PA.NUS.ATLS?view=chart
Economy & Growth,PA.NUS.PPP,"PPP conversion factor, GDP (LCU per international $)",https://data.worldbank.org/indicator/PA.NUS.PPP?view=chart
Economy & Growth,PA.NUS.PPPC.RF,Price level ratio of PPP conversion factor (GDP) to market exchange rate,https://data.worldbank.org/indicator/PA.NUS.PPPC.RF?view=chart
Education,SE.COM.DURS,"Compulsory education, duration (years)",https://data.worldbank.org/indicator/SE.COM.DURS?view=chart
Education,SE.PRM.AGES,Primary school starting age (years),https://data.worldbank.org/indicator/SE.PRM.AGES?view=chart
Education,SE.PRM.DURS,"Primary education, duration (years)",https://data.worldbank.org/indicator/SE.PRM.DURS?view=chart
Education,SE.SEC.AGES,Lower secondary school starting age (years),https://data.worldbank.org/indicator/SE.SEC.AGES?view=chart
Education,SE.SEC.DURS,"Secondary education, duration (years)",https://data.worldbank.org/indicator/SE.SEC.DURS?view=chart
Education,SL.TLF.TOTL.FE.ZS,"Labor force, female (% of total labor force)",https://data.worldbank.org/indicator/SL.TLF.TOTL.FE.ZS?view=chart
Education,SL.TLF.TOTL.FE.ZS,"Labor force, female (% of total labor force)",https://data.worldbank.org/indicator/SL.TLF.TOTL.FE.ZS?view=chart
Gender,SL.TLF.TOTL.FE.ZS,"Labor force, female (% of total labor force)",https://data.worldbank.org/indicator/SL.TLF.TOTL.FE.ZS?view=chart
Gender,SL.TLF.TOTL.FE.ZS,"Labor force, female (% of total labor force)",https://data.worldbank.org/indicator/SL.TLF.TOTL.FE.ZS?view=chart
Social Protection & Labor,SL.TLF.TOTL.FE.ZS,"Labor force, female (% of total labor force)",https://data.worldbank.org/indicator/SL.TLF.TOTL.FE.ZS?view=chart
Social Protection & Labor,SL.TLF.TOTL.FE.ZS,"Labor force, female (% of total labor force)",https://data.worldbank.org/indicator/SL.TLF.TOTL.FE.ZS?view=chart
Education,SL.TLF.TOTL.IN,"Labor force, total",https://data.worldbank.org/indicator/SL.TLF.TOTL.IN?view=chart
Social Protection & Labor,SL.TLF.TOTL.IN,"Labor force, total",https://data.worldbank.org/indicator/SL.TLF.TOTL.IN?view=chart
Education,SL.UEM.TOTL.FE.ZS,"Unemployment, female (% of female labor force) (modeled ILO estimate)",https://data.worldbank.org/indicator/SL.UEM.TOTL.FE.ZS?view=chart
Education,SL.UEM.TOTL.FE.ZS,"Unemployment, female (% of female labor force) (modeled ILO estimate)",https://data.worldbank.org/indicator/SL.UEM.TOTL.FE.ZS?view=chart
Education,SL.UEM.TOTL.FE.ZS,"Unemployment, female (% of female labor force) (modeled ILO estimate)",https://data.worldbank.org/indicator/SL.UEM.TOTL.FE.ZS?view=chart
Gender,SL.UEM.TOTL.FE.ZS,"Unemployment, female (% of female labor force) (modeled ILO estimate)",https://data.worldbank.org/indicator/SL.UEM.TOTL.FE.ZS?view=chart
Gender,SL.UEM.TOTL.FE.ZS,"Unemployment, female (% of female labor force) (modeled ILO estimate)",https://data.worldbank.org/indicator/SL.UEM.TOTL.FE.ZS?view=chart
Gender,SL.UEM.TOTL.FE.ZS,"Unemployment, female (% of female labor force) (modeled ILO estimate)",https://data.worldbank.org/indicator/SL.UEM.TOTL.FE.ZS?view=chart
Social Development,SL.UEM.TOTL.FE.ZS,"Unemployment, female (% of female labor force) (modeled ILO estimate)",https://data.worldbank.org/indicator/SL.UEM.TOTL.FE.ZS?view=chart
Social Development,SL.UEM.TOTL.FE.ZS,"Unemployment, female (% of female labor force) (modeled ILO estimate)",https://data.worldbank.org/indicator/SL.UEM.TOTL.FE.ZS?view=chart
Social Development,SL.UEM.TOTL.FE.ZS,"Unemployment, female (% of female labor force) (modeled ILO estimate)",https://data.worldbank.org/indicator/SL.UEM.TOTL.FE.ZS?view=chart
Social Protection & Labor,SL.UEM.TOTL.FE.ZS,"Unemployment, female (% of female labor force) (modeled ILO estimate)",https://data.worldbank.org/indicator/SL.UEM.TOTL.FE.ZS?view=chart
Social Protection & Labor,SL.UEM.TOTL.FE.ZS,"Unemployment, female (% of female labor force) (modeled ILO estimate)",https://data.worldbank.org/indicator/SL.UEM.TOTL.FE.ZS?view=chart
Social Protection & Labor,SL.UEM.TOTL.FE.ZS,"Unemployment, female (% of female labor force) (modeled ILO estimate)",https://data.worldbank.org/indicator/SL.UEM.TOTL.FE.ZS?view=chart
Education,SL.UEM.TOTL.MA.ZS,"Unemployment, male (% of male labor force) (modeled ILO estimate)",https://data.worldbank.org/indicator/SL.UEM.TOTL.MA.ZS?view=chart
Education,SL.UEM.TOTL.MA.ZS,"Unemployment, male (% of male labor force) (modeled ILO estimate)",https://data.worldbank.org/indicator/SL.UEM.TOTL.MA.ZS?view=chart
Education,SL.UEM.TOTL.MA.ZS,"Unemployment, male (% of male labor force) (modeled ILO estimate)",https://data.worldbank.org/indicator/SL.UEM.TOTL.MA.ZS?view=chart
Gender,SL.UEM.TOTL.MA.ZS,"Unemployment, male (% of male labor force) (modeled ILO estimate)",https://data.worldbank.org/indicator/SL.UEM.TOTL.MA.ZS?view=chart
Gender,SL.UEM.TOTL.MA.ZS,"Unemployment, male (% of male labor force) (modeled ILO estimate)",https://data.worldbank.org/indicator/SL.UEM.TOTL.MA.ZS?view=chart
Gender,SL.UEM.TOTL.MA.ZS,"Unemployment, male (% of male labor force) (modeled ILO estimate)",https://data.worldbank.org/indicator/SL.UEM.TOTL.MA.ZS?view=chart
Social Development,SL.UEM.TOTL.MA.ZS,"Unemployment, male (% of male labor force) (modeled ILO estimate)",https://data.worldbank.org/indicator/SL.UEM.TOTL.MA.ZS?view=chart
Social Development,SL.UEM.TOTL.MA.ZS,"Unemployment, male (% of male labor force) (modeled ILO estimate)",https://data.worldbank.org/indicator/SL.UEM.TOTL.MA.ZS?view=chart
Social Development,SL.UEM.TOTL.MA.ZS,"Unemployment, male (% of male labor force) (modeled ILO estimate)",https://data.worldbank.org/indicator/SL.UEM.TOTL.MA.ZS?view=chart
Social Protection & Labor,SL.UEM.TOTL.MA.ZS,"Unemployment, male (% of male labor force) (modeled ILO estimate)",https://data.worldbank.org/indicator/SL.UEM.TOTL.MA.ZS?view=chart
Social Protection & Labor,SL.UEM.TOTL.MA.ZS,"Unemployment, male (% of male labor force) (modeled ILO estimate)",https://data.worldbank.org/indicator/SL.UEM.TOTL.MA.ZS?view=chart
Social Protection & Labor,SL.UEM.TOTL.MA.ZS,"Unemployment, male (% of male labor force) (modeled ILO estimate)",https://data.worldbank.org/indicator/SL.UEM.TOTL.MA.ZS?view=chart
Education,SL.UEM.TOTL.ZS,"Unemployment, total (% of total labor force) (modeled ILO estimate)",https://data.worldbank.org/indicator/SL.UEM.TOTL.ZS?view=chart
Social Protection & Labor,SL.UEM.TOTL.ZS,"Unemployment, total (% of total labor force) (modeled ILO estimate)",https://data.worldbank.org/indicator/SL.UEM.TOTL.ZS?view=chart
Education,SP.POP.0014.TO.ZS,Population ages 0-14 (% of total population),https://data.worldbank.org/indicator/SP.POP.0014.TO.ZS?view=chart
Health,SP.POP.0014.TO.ZS,Population ages 0-14 (% of total population),https://data.worldbank.org/indicator/SP.POP.0014.TO.ZS?view=chart
Education,SP.POP.1564.TO.ZS,Population ages 15-64 (% of total population),https://data.worldbank.org/indicator/SP.POP.1564.TO.ZS?view=chart
Health,SP.POP.1564.TO.ZS,Population ages 15-64 (% of total population),https://data.worldbank.org/indicator/SP.POP.1564.TO.ZS?view=chart
Environment,SH.H2O.BASW.ZS,People using at least basic drinking water services (% of population),https://data.worldbank.org/indicator/SH.H2O.BASW.ZS?view=chart
Environment,SH.H2O.BASW.ZS,People using at least basic drinking water services (% of population),https://data.worldbank.org/indicator/SH.H2O.BASW.ZS?view=chart
Health,SH.H2O.BASW.ZS,People using at least basic drinking water services (% of population),https://data.worldbank.org/indicator/SH.H2O.BASW.ZS?view=chart
Health,SH.H2O.BASW.ZS,People using at least basic drinking water services (% of population),https://data.worldbank.org/indicator/SH.H2O.BASW.ZS?view=chart
Environment,SH.STA.BASS.ZS,People using at least basic sanitation services (% of population),https://data.worldbank.org/indicator/SH.STA.BASS.ZS?view=chart
Environment,SH.STA.BASS.ZS,People using at least basic sanitation services (% of population),https://data.worldbank.org/indicator/SH.STA.BASS.ZS?view=chart
Health,SH.STA.BASS.ZS,People using at least basic sanitation services (% of population),https://data.worldbank.org/indicator/SH.STA.BASS.ZS?view=chart
Health,SH.STA.BASS.ZS,People using at least basic sanitation services (% of population),https://data.worldbank.org/indicator/SH.STA.BASS.ZS?view=chart
Environment,SH.STA.ODFC.ZS,People practicing open defecation (% of population),https://data.worldbank.org/indicator/SH.STA.ODFC.ZS?view=chart
Environment,SH.STA.ODFC.ZS,People practicing open defecation (% of population),https://data.worldbank.org/indicator/SH.STA.ODFC.ZS?view=chart
Health,SH.STA.ODFC.ZS,People practicing open defecation (% of population),https://data.worldbank.org/indicator/SH.STA.ODFC.ZS?view=chart
Health,SH.STA.ODFC.ZS,People practicing open defecation (% of population),https://data.worldbank.org/indicator/SH.STA.ODFC.ZS?view=chart
Financial Sector,NY.GDP.DEFL.KD.ZG.AD,"Inflation, GDP deflator: linked series (annual %)",https://data.worldbank.org/indicator/NY.GDP.DEFL.KD.ZG.AD?view=chart
Financial Sector,NY.GDP.DEFL.ZS.AD,GDP deflator: linked series (base year varies by country),https://data.worldbank.org/indicator/NY.GDP.DEFL.ZS.AD?view=chart
Gender,SG.GEN.PARL.ZS,Proportion of seats held by women in national parliaments (%),https://data.worldbank.org/indicator/SG.GEN.PARL.ZS?view=chart
Gender,SG.GEN.PARL.ZS,Proportion of seats held by women in national parliaments (%),https://data.worldbank.org/indicator/SG.GEN.PARL.ZS?view=chart
Gender,SG.GEN.PARL.ZS,Proportion of seats held by women in national parliaments (%),https://data.worldbank.org/indicator/SG.GEN.PARL.ZS?view=chart
Public Sector,SG.GEN.PARL.ZS,Proportion of seats held by women in national parliaments (%),https://data.worldbank.org/indicator/SG.GEN.PARL.ZS?view=chart
Public Sector,SG.GEN.PARL.ZS,Proportion of seats held by women in national parliaments (%),https://data.worldbank.org/indicator/SG.GEN.PARL.ZS?view=chart
Public Sector,SG.GEN.PARL.ZS,Proportion of seats held by women in national parliaments (%),https://data.worldbank.org/indicator/SG.GEN.PARL.ZS?view=chart
Social Development,SG.GEN.PARL.ZS,Proportion of seats held by women in national parliaments (%),https://data.worldbank.org/indicator/SG.GEN.PARL.ZS?view=chart
Social Development,SG.GEN.PARL.ZS,Proportion of seats held by women in national parliaments (%),https://data.worldbank.org/indicator/SG.GEN.PARL.ZS?view=chart
Social Development,SG.GEN.PARL.ZS,Proportion of seats held by women in national parliaments (%),https://data.worldbank.org/indicator/SG.GEN.PARL.ZS?view=chart
Gender,SG.LAW.INDX,Women Business and the Law Index Score (scale 1-100),https://data.worldbank.org/indicator/SG.LAW.INDX?view=chart
Gender,SL.EMP.1524.SP.FE.ZS,"Employment to population ratio, ages 15-24, female (%) (modeled ILO estimate)",https://data.worldbank.org/indicator/SL.EMP.1524.SP.FE.ZS?view=chart
Gender,SL.EMP.1524.SP.FE.ZS,"Employment to population ratio, ages 15-24, female (%) (modeled ILO estimate)",https://data.worldbank.org/indicator/SL.EMP.1524.SP.FE.ZS?view=chart
Social Protection & Labor,SL.EMP.1524.SP.FE.ZS,"Employment to population ratio, ages 15-24, female (%) (modeled ILO estimate)",https://data.worldbank.org/indicator/SL.EMP.1524.SP.FE.ZS?view=chart
Social Protection & Labor,SL.EMP.1524.SP.FE.ZS,"Employment to population ratio, ages 15-24, female (%) (modeled ILO estimate)",https://data.worldbank.org/indicator/SL.EMP.1524.SP.FE.ZS?view=chart
Gender,SL.EMP.1524.SP.MA.ZS,"Employment to population ratio, ages 15-24, male (%) (modeled ILO estimate)",https://data.worldbank.org/indicator/SL.EMP.1524.SP.MA.ZS?view=chart
Gender,SL.EMP.1524.SP.MA.ZS,"Employment to population ratio, ages 15-24, male (%) (modeled ILO estimate)",https://data.worldbank.org/indicator/SL.EMP.1524.SP.MA.ZS?view=chart
Social Protection & Labor,SL.EMP.1524.SP.MA.ZS,"Employment to population ratio, ages 15-24, male (%) (modeled ILO estimate)",https://data.worldbank.org/indicator/SL.EMP.1524.SP.MA.ZS?view=chart
Social Protection & Labor,SL.EMP.1524.SP.MA.ZS,"Employment to population ratio, ages 15-24, male (%) (modeled ILO estimate)",https://data.worldbank.org/indicator/SL.EMP.1524.SP.MA.ZS?view=chart
Gender,SL.EMP.MPYR.FE.ZS,"Employers, female (% of female employment) (modeled ILO estimate)",https://data.worldbank.org/indicator/SL.EMP.MPYR.FE.ZS?view=chart
Gender,SL.EMP.MPYR.FE.ZS,"Employers, female (% of female employment) (modeled ILO estimate)",https://data.worldbank.org/indicator/SL.EMP.MPYR.FE.ZS?view=chart
Social Protection & Labor,SL.EMP.MPYR.FE.ZS,"Employers, female (% of female employment) (modeled ILO estimate)",https://data.worldbank.org/indicator/SL.EMP.MPYR.FE.ZS?view=chart
Social Protection & Labor,SL.EMP.MPYR.FE.ZS,"Employers, female (% of female employment) (modeled ILO estimate)",https://data.worldbank.org/indicator/SL.EMP.MPYR.FE.ZS?view=chart
Gender,SL.EMP.MPYR.MA.ZS,"Employers, male (% of male employment) (modeled ILO estimate)",https://data.worldbank.org/indicator/SL.EMP.MPYR.MA.ZS?view=chart
Gender,SL.EMP.MPYR.MA.ZS,"Employers, male (% of male employment) (modeled ILO estimate)",https://data.worldbank.org/indicator/SL.EMP.MPYR.MA.ZS?view=chart
Social Protection & Labor,SL.EMP.MPYR.MA.ZS,"Employers, male (% of male employment) (modeled ILO estimate)",https://data.worldbank.org/indicator/SL.EMP.MPYR.MA.ZS?view=chart
Social Protection & Labor,SL.EMP.MPYR.MA.ZS,"Employers, male (% of male employment) (modeled ILO estimate)",https://data.worldbank.org/indicator/SL.EMP.MPYR.MA.ZS?view=chart
Gender,SL.EMP.SELF.FE.ZS,"Self-employed, female (% of female employment) (modeled ILO estimate)",https://data.worldbank.org/indicator/SL.EMP.SELF.FE.ZS?view=chart
Gender,SL.EMP.SELF.FE.ZS,"Self-employed, female (% of female employment) (modeled ILO estimate)",https://data.worldbank.org/indicator/SL.EMP.SELF.FE.ZS?view=chart
Social Protection & Labor,SL.EMP.SELF.FE.ZS,"Self-employed, female (% of female employment) (modeled ILO estimate)",https://data.worldbank.org/indicator/SL.EMP.SELF.FE.ZS?view=chart
Social Protection & Labor,SL.EMP.SELF.FE.ZS,"Self-employed, female (% of female employment) (modeled ILO estimate)",https://data.worldbank.org/indicator/SL.EMP.SELF.FE.ZS?view=chart
Gender,SL.EMP.SELF.MA.ZS,"Self-employed, male (% of male employment) (modeled ILO estimate)",https://data.worldbank.org/indicator/SL.EMP.SELF.MA.ZS?view=chart
Gender,SL.EMP.SELF.MA.ZS,"Self-employed, male (% of male employment) (modeled ILO estimate)",https://data.worldbank.org/indicator/SL.EMP.SELF.MA.ZS?view=chart
Social Protection & Labor,SL.EMP.SELF.MA.ZS,"Self-employed, male (% of male employment) (modeled ILO estimate)",https://data.worldbank.org/indicator/SL.EMP.SELF.MA.ZS?view=chart
Social Protection & Labor,SL.EMP.SELF.MA.ZS,"Self-employed, male (% of male employment) (modeled ILO estimate)",https://data.worldbank.org/indicator/SL.EMP.SELF.MA.ZS?view=chart
Gender,SL.EMP.TOTL.SP.FE.ZS,"Employment to population ratio, 15+, female (%) (modeled ILO estimate)",https://data.worldbank.org/indicator/SL.EMP.TOTL.SP.FE.ZS?view=chart
Gender,SL.EMP.TOTL.SP.FE.ZS,"Employment to population ratio, 15+, female (%) (modeled ILO estimate)",https://data.worldbank.org/indicator/SL.EMP.TOTL.SP.FE.ZS?view=chart
Social Protection & Labor,SL.EMP.TOTL.SP.FE.ZS,"Employment to population ratio, 15+, female (%) (modeled ILO estimate)",https://data.worldbank.org/indicator/SL.EMP.TOTL.SP.FE.ZS?view=chart
Social Protection & Labor,SL.EMP.TOTL.SP.FE.ZS,"Employment to population ratio, 15+, female (%) (modeled ILO estimate)",https://data.worldbank.org/indicator/SL.EMP.TOTL.SP.FE.ZS?view=chart
Gender,SL.EMP.TOTL.SP.MA.ZS,"Employment to population ratio, 15+, male (%) (modeled ILO estimate)",https://data.worldbank.org/indicator/SL.EMP.TOTL.SP.MA.ZS?view=chart
Gender,SL.EMP.TOTL.SP.MA.ZS,"Employment to population ratio, 15+, male (%) (modeled ILO estimate)",https://data.worldbank.org/indicator/SL.EMP.TOTL.SP.MA.ZS?view=chart
Social Protection & Labor,SL.EMP.TOTL.SP.MA.ZS,"Employment to population ratio, 15+, male (%) (modeled ILO estimate)",https://data.worldbank.org/indicator/SL.EMP.TOTL.SP.MA.ZS?view=chart
Social Protection & Labor,SL.EMP.TOTL.SP.MA.ZS,"Employment to population ratio, 15+, male (%) (modeled ILO estimate)",https://data.worldbank.org/indicator/SL.EMP.TOTL.SP.MA.ZS?view=chart
Gender,SL.EMP.VULN.FE.ZS,"Vulnerable employment, female (% of female employment) (modeled ILO estimate)",https://data.worldbank.org/indicator/SL.EMP.VULN.FE.ZS?view=chart
Gender,SL.EMP.VULN.FE.ZS,"Vulnerable employment, female (% of female employment) (modeled ILO estimate)",https://data.worldbank.org/indicator/SL.EMP.VULN.FE.ZS?view=chart
Gender,SL.EMP.VULN.FE.ZS,"Vulnerable employment, female (% of female employment) (modeled ILO estimate)",https://data.worldbank.org/indicator/SL.EMP.VULN.FE.ZS?view=chart
Social Development,SL.EMP.VULN.FE.ZS,"Vulnerable employment, female (% of female employment) (modeled ILO estimate)",https://data.worldbank.org/indicator/SL.EMP.VULN.FE.ZS?view=chart
Social Development,SL.EMP.VULN.FE.ZS,"Vulnerable employment, female (% of female employment) (modeled ILO estimate)",https://data.worldbank.org/indicator/SL.EMP.VULN.FE.ZS?view=chart
Social Development,SL.EMP.VULN.FE.ZS,"Vulnerable employment, female (% of female employment) (modeled ILO estimate)",https://data.worldbank.org/indicator/SL.EMP.VULN.FE.ZS?view=chart
Social Protection & Labor,SL.EMP.VULN.FE.ZS,"Vulnerable employment, female (% of female employment) (modeled ILO estimate)",https://data.worldbank.org/indicator/SL.EMP.VULN.FE.ZS?view=chart
Social Protection & Labor,SL.EMP.VULN.FE.ZS,"Vulnerable employment, female (% of female employment) (modeled ILO estimate)",https://data.worldbank.org/indicator/SL.EMP.VULN.FE.ZS?view=chart
Social Protection & Labor,SL.EMP.VULN.FE.ZS,"Vulnerable employment, female (% of female employment) (modeled ILO estimate)",https://data.worldbank.org/indicator/SL.EMP.VULN.FE.ZS?view=chart
Gender,SL.EMP.VULN.MA.ZS,"Vulnerable employment, male (% of male employment) (modeled ILO estimate)",https://data.worldbank.org/indicator/SL.EMP.VULN.MA.ZS?view=chart
Gender,SL.EMP.VULN.MA.ZS,"Vulnerable employment, male (% of male employment) (modeled ILO estimate)",https://data.worldbank.org/indicator/SL.EMP.VULN.MA.ZS?view=chart
Gender,SL.EMP.VULN.MA.ZS,"Vulnerable employment, male (% of male employment) (modeled ILO estimate)",https://data.worldbank.org/indicator/SL.EMP.VULN.MA.ZS?view=chart
Social Development,SL.EMP.VULN.MA.ZS,"Vulnerable employment, male (% of male employment) (modeled ILO estimate)",https://data.worldbank.org/indicator/SL.EMP.VULN.MA.ZS?view=chart
Social Development,SL.EMP.VULN.MA.ZS,"Vulnerable employment, male (% of male employment) (modeled ILO estimate)",https://data.worldbank.org/indicator/SL.EMP.VULN.MA.ZS?view=chart
Social Development,SL.EMP.VULN.MA.ZS,"Vulnerable employment, male (% of male employment) (modeled ILO estimate)",https://data.worldbank.org/indicator/SL.EMP.VULN.MA.ZS?view=chart
Social Protection & Labor,SL.EMP.VULN.MA.ZS,"Vulnerable employment, male (% of male employment) (modeled ILO estimate)",https://data.worldbank.org/indicator/SL.EMP.VULN.MA.ZS?view=chart
Social Protection & Labor,SL.EMP.VULN.MA.ZS,"Vulnerable employment, male (% of male employment) (modeled ILO estimate)",https://data.worldbank.org/indicator/SL.EMP.VULN.MA.ZS?view=chart
Social Protection & Labor,SL.EMP.VULN.MA.ZS,"Vulnerable employment, male (% of male employment) (modeled ILO estimate)",https://data.worldbank.org/indicator/SL.EMP.VULN.MA.ZS?view=chart
Gender,SL.EMP.WORK.FE.ZS,"Wage and salaried workers, female (% of female employment) (modeled ILO estimate)",https://data.worldbank.org/indicator/SL.EMP.WORK.FE.ZS?view=chart
Gender,SL.EMP.WORK.FE.ZS,"Wage and salaried workers, female (% of female employment) (modeled ILO estimate)",https://data.worldbank.org/indicator/SL.EMP.WORK.FE.ZS?view=chart
Social Protection & Labor,SL.EMP.WORK.FE.ZS,"Wage and salaried workers, female (% of female employment) (modeled ILO estimate)",https://data.worldbank.org/indicator/SL.EMP.WORK.FE.ZS?view=chart
Social Protection & Labor,SL.EMP.WORK.FE.ZS,"Wage and salaried workers, female (% of female employment) (modeled ILO estimate)",https://data.worldbank.org/indicator/SL.EMP.WORK.FE.ZS?view=chart
Gender,SL.EMP.WORK.MA.ZS,"Wage and salaried workers, male (% of male employment) (modeled ILO estimate)",https://data.worldbank.org/indicator/SL.EMP.WORK.MA.ZS?view=chart
Gender,SL.EMP.WORK.MA.ZS,"Wage and salaried workers, male (% of male employment) (modeled ILO estimate)",https://data.worldbank.org/indicator/SL.EMP.WORK.MA.ZS?view=chart
Social Protection & Labor,SL.EMP.WORK.MA.ZS,"Wage and salaried workers, male (% of male employment) (modeled ILO estimate)",https://data.worldbank.org/indicator/SL.EMP.WORK.MA.ZS?view=chart
Social Protection & Labor,SL.EMP.WORK.MA.ZS,"Wage and salaried workers, male (% of male employment) (modeled ILO estimate)",https://data.worldbank.org/indicator/SL.EMP.WORK.MA.ZS?view=chart
Gender,SL.FAM.WORK.FE.ZS,"Contributing family workers, female (% of female employment) (modeled ILO estimate)",https://data.worldbank.org/indicator/SL.FAM.WORK.FE.ZS?view=chart
Gender,SL.FAM.WORK.FE.ZS,"Contributing family workers, female (% of female employment) (modeled ILO estimate)",https://data.worldbank.org/indicator/SL.FAM.WORK.FE.ZS?view=chart
Social Protection & Labor,SL.FAM.WORK.FE.ZS,"Contributing family workers, female (% of female employment) (modeled ILO estimate)",https://data.worldbank.org/indicator/SL.FAM.WORK.FE.ZS?view=chart
Social Protection & Labor,SL.FAM.WORK.FE.ZS,"Contributing family workers, female (% of female employment) (modeled ILO estimate)",https://data.worldbank.org/indicator/SL.FAM.WORK.FE.ZS?view=chart
Gender,SL.FAM.WORK.MA.ZS,"Contributing family workers, male (% of male employment) (modeled ILO estimate)",https://data.worldbank.org/indicator/SL.FAM.WORK.MA.ZS?view=chart
Gender,SL.FAM.WORK.MA.ZS,"Contributing family workers, male (% of male employment) (modeled ILO estimate)",https://data.worldbank.org/indicator/SL.FAM.WORK.MA.ZS?view=chart
Social Protection & Labor,SL.FAM.WORK.MA.ZS,"Contributing family workers, male (% of male employment) (modeled ILO estimate)",https://data.worldbank.org/indicator/SL.FAM.WORK.MA.ZS?view=chart
Social Protection & Labor,SL.FAM.WORK.MA.ZS,"Contributing family workers, male (% of male employment) (modeled ILO estimate)",https://data.worldbank.org/indicator/SL.FAM.WORK.MA.ZS?view=chart
Gender,SL.IND.EMPL.FE.ZS,"Employment in industry, female (% of female employment) (modeled ILO estimate)",https://data.worldbank.org/indicator/SL.IND.EMPL.FE.ZS?view=chart
Gender,SL.IND.EMPL.FE.ZS,"Employment in industry, female (% of female employment) (modeled ILO estimate)",https://data.worldbank.org/indicator/SL.IND.EMPL.FE.ZS?view=chart
Social Protection & Labor,SL.IND.EMPL.FE.ZS,"Employment in industry, female (% of female employment) (modeled ILO estimate)",https://data.worldbank.org/indicator/SL.IND.EMPL.FE.ZS?view=chart
Social Protection & Labor,SL.IND.EMPL.FE.ZS,"Employment in industry, female (% of female employment) (modeled ILO estimate)",https://data.worldbank.org/indicator/SL.IND.EMPL.FE.ZS?view=chart
Gender,SL.IND.EMPL.MA.ZS,"Employment in industry, male (% of male employment) (modeled ILO estimate)",https://data.worldbank.org/indicator/SL.IND.EMPL.MA.ZS?view=chart
Gender,SL.IND.EMPL.MA.ZS,"Employment in industry, male (% of male employment) (modeled ILO estimate)",https://data.worldbank.org/indicator/SL.IND.EMPL.MA.ZS?view=chart
Social Protection & Labor,SL.IND.EMPL.MA.ZS,"Employment in industry, male (% of male employment) (modeled ILO estimate)",https://data.worldbank.org/indicator/SL.IND.EMPL.MA.ZS?view=chart
Social Protection & Labor,SL.IND.EMPL.MA.ZS,"Employment in industry, male (% of male employment) (modeled ILO estimate)",https://data.worldbank.org/indicator/SL.IND.EMPL.MA.ZS?view=chart
Gender,SL.SRV.EMPL.FE.ZS,"Employment in services, female (% of female employment) (modeled ILO estimate)",https://data.worldbank.org/indicator/SL.SRV.EMPL.FE.ZS?view=chart
Gender,SL.SRV.EMPL.FE.ZS,"Employment in services, female (% of female employment) (modeled ILO estimate)",https://data.worldbank.org/indicator/SL.SRV.EMPL.FE.ZS?view=chart
Social Protection & Labor,SL.SRV.EMPL.FE.ZS,"Employment in services, female (% of female employment) (modeled ILO estimate)",https://data.worldbank.org/indicator/SL.SRV.EMPL.FE.ZS?view=chart
Social Protection & Labor,SL.SRV.EMPL.FE.ZS,"Employment in services, female (% of female employment) (modeled ILO estimate)",https://data.worldbank.org/indicator/SL.SRV.EMPL.FE.ZS?view=chart
Gender,SL.SRV.EMPL.MA.ZS,"Employment in services, male (% of male employment) (modeled ILO estimate)",https://data.worldbank.org/indicator/SL.SRV.EMPL.MA.ZS?view=chart
Gender,SL.SRV.EMPL.MA.ZS,"Employment in services, male (% of male employment) (modeled ILO estimate)",https://data.worldbank.org/indicator/SL.SRV.EMPL.MA.ZS?view=chart
Social Protection & Labor,SL.SRV.EMPL.MA.ZS,"Employment in services, male (% of male employment) (modeled ILO estimate)",https://data.worldbank.org/indicator/SL.SRV.EMPL.MA.ZS?view=chart
Social Protection & Labor,SL.SRV.EMPL.MA.ZS,"Employment in services, male (% of male employment) (modeled ILO estimate)",https://data.worldbank.org/indicator/SL.SRV.EMPL.MA.ZS?view=chart
Gender,SL.TLF.CACT.FE.ZS,"Labor force participation rate, female (% of female population ages 15+) (modeled ILO estimate)",https://data.worldbank.org/indicator/SL.TLF.CACT.FE.ZS?view=chart
Gender,SL.TLF.CACT.FE.ZS,"Labor force participation rate, female (% of female population ages 15+) (modeled ILO estimate)",https://data.worldbank.org/indicator/SL.TLF.CACT.FE.ZS?view=chart
Gender,SL.TLF.CACT.FE.ZS,"Labor force participation rate, female (% of female population ages 15+) (modeled ILO estimate)",https://data.worldbank.org/indicator/SL.TLF.CACT.FE.ZS?view=chart
Social Development,SL.TLF.CACT.FE.ZS,"Labor force participation rate, female (% of female population ages 15+) (modeled ILO estimate)",https://data.worldbank.org/indicator/SL.TLF.CACT.FE.ZS?view=chart
Social Development,SL.TLF.CACT.FE.ZS,"Labor force participation rate, female (% of female population ages 15+) (modeled ILO estimate)",https://data.worldbank.org/indicator/SL.TLF.CACT.FE.ZS?view=chart
Social Development,SL.TLF.CACT.FE.ZS,"Labor force participation rate, female (% of female population ages 15+) (modeled ILO estimate)",https://data.worldbank.org/indicator/SL.TLF.CACT.FE.ZS?view=chart
Social Protection & Labor,SL.TLF.CACT.FE.ZS,"Labor force participation rate, female (% of female population ages 15+) (modeled ILO estimate)",https://data.worldbank.org/indicator/SL.TLF.CACT.FE.ZS?view=chart
Social Protection & Labor,SL.TLF.CACT.FE.ZS,"Labor force participation rate, female (% of female population ages 15+) (modeled ILO estimate)",https://data.worldbank.org/indicator/SL.TLF.CACT.FE.ZS?view=chart
Social Protection & Labor,SL.TLF.CACT.FE.ZS,"Labor force participation rate, female (% of female population ages 15+) (modeled ILO estimate)",https://data.worldbank.org/indicator/SL.TLF.CACT.FE.ZS?view=chart
Gender,SL.TLF.CACT.MA.ZS,"Labor force participation rate, male (% of male population ages 15+) (modeled ILO estimate)",https://data.worldbank.org/indicator/SL.TLF.CACT.MA.ZS?view=chart
Gender,SL.TLF.CACT.MA.ZS,"Labor force participation rate, male (% of male population ages 15+) (modeled ILO estimate)",https://data.worldbank.org/indicator/SL.TLF.CACT.MA.ZS?view=chart
Gender,SL.TLF.CACT.MA.ZS,"Labor force participation rate, male (% of male population ages 15+) (modeled ILO estimate)",https://data.worldbank.org/indicator/SL.TLF.CACT.MA.ZS?view=chart
Social Development,SL.TLF.CACT.MA.ZS,"Labor force participation rate, male (% of male population ages 15+) (modeled ILO estimate)",https://data.worldbank.org/indicator/SL.TLF.CACT.MA.ZS?view=chart
Social Development,SL.TLF.CACT.MA.ZS,"Labor force participation rate, male (% of male population ages 15+) (modeled ILO estimate)",https://data.worldbank.org/indicator/SL.TLF.CACT.MA.ZS?view=chart
Social Development,SL.TLF.CACT.MA.ZS,"Labor force participation rate, male (% of male population ages 15+) (modeled ILO estimate)",https://data.worldbank.org/indicator/SL.TLF.CACT.MA.ZS?view=chart
Social Protection & Labor,SL.TLF.CACT.MA.ZS,"Labor force participation rate, male (% of male population ages 15+) (modeled ILO estimate)",https://data.worldbank.org/indicator/SL.TLF.CACT.MA.ZS?view=chart
Social Protection & Labor,SL.TLF.CACT.MA.ZS,"Labor force participation rate, male (% of male population ages 15+) (modeled ILO estimate)",https://data.worldbank.org/indicator/SL.TLF.CACT.MA.ZS?view=chart
Social Protection & Labor,SL.TLF.CACT.MA.ZS,"Labor force participation rate, male (% of male population ages 15+) (modeled ILO estimate)",https://data.worldbank.org/indicator/SL.TLF.CACT.MA.ZS?view=chart
Gender,SL.UEM.1524.FE.ZS,"Unemployment, youth female (% of female labor force ages 15-24) (modeled ILO estimate)",https://data.worldbank.org/indicator/SL.UEM.1524.FE.ZS?view=chart
Gender,SL.UEM.1524.FE.ZS,"Unemployment, youth female (% of female labor force ages 15-24) (modeled ILO estimate)",https://data.worldbank.org/indicator/SL.UEM.1524.FE.ZS?view=chart
Social Protection & Labor,SL.UEM.1524.FE.ZS,"Unemployment, youth female (% of female labor force ages 15-24) (modeled ILO estimate)",https://data.worldbank.org/indicator/SL.UEM.1524.FE.ZS?view=chart
Social Protection & Labor,SL.UEM.1524.FE.ZS,"Unemployment, youth female (% of female labor force ages 15-24) (modeled ILO estimate)",https://data.worldbank.org/indicator/SL.UEM.1524.FE.ZS?view=chart
Gender,SL.UEM.1524.MA.ZS,"Unemployment, youth male (% of male labor force ages 15-24) (modeled ILO estimate)",https://data.worldbank.org/indicator/SL.UEM.1524.MA.ZS?view=chart
Gender,SL.UEM.1524.MA.ZS,"Unemployment, youth male (% of male labor force ages 15-24) (modeled ILO estimate)",https://data.worldbank.org/indicator/SL.UEM.1524.MA.ZS?view=chart
Social Protection & Labor,SL.UEM.1524.MA.ZS,"Unemployment, youth male (% of male labor force ages 15-24) (modeled ILO estimate)",https://data.worldbank.org/indicator/SL.UEM.1524.MA.ZS?view=chart
Social Protection & Labor,SL.UEM.1524.MA.ZS,"Unemployment, youth male (% of male labor force ages 15-24) (modeled ILO estimate)",https://data.worldbank.org/indicator/SL.UEM.1524.MA.ZS?view=chart
Health,SH.IMM.HEPB,"Immunization, HepB3 (% of one-year-old children)",https://data.worldbank.org/indicator/SH.IMM.HEPB?view=chart
Health,SH.IMM.IDPT,"Immunization, DPT (% of children ages 12-23 months)",https://data.worldbank.org/indicator/SH.IMM.IDPT?view=chart
Health,SH.IMM.MEAS,"Immunization, measles (% of children ages 12-23 months)",https://data.worldbank.org/indicator/SH.IMM.MEAS?view=chart
Health,SH.TBS.DTEC.ZS,"Tuberculosis case detection rate (%, all forms)",https://data.worldbank.org/indicator/SH.TBS.DTEC.ZS?view=chart
Health,SM.POP.REFG.OR,Refugee population by country or territory of origin,https://data.worldbank.org/indicator/SM.POP.REFG.OR?view=chart
Social Development,SM.POP.REFG.OR,Refugee population by country or territory of origin,https://data.worldbank.org/indicator/SM.POP.REFG.OR?view=chart
Health,SP.POP.0004.FE.5Y,"Population ages 00-04, female (% of female population)",https://data.worldbank.org/indicator/SP.POP.0004.FE.5Y?view=chart
Health,SP.POP.0004.MA.5Y,"Population ages 00-04, male (% of male population)",https://data.worldbank.org/indicator/SP.POP.0004.MA.5Y?view=chart
Health,SP.POP.0014.FE.IN,"Population ages 0-14, female",https://data.worldbank.org/indicator/SP.POP.0014.FE.IN?view=chart
Health,SP.POP.0014.FE.ZS,"Population ages 0-14, female (% of female population)",https://data.worldbank.org/indicator/SP.POP.0014.FE.ZS?view=chart
Health,SP.POP.0014.MA.IN,"Population ages 0-14, male",https://data.worldbank.org/indicator/SP.POP.0014.MA.IN?view=chart
Health,SP.POP.0014.MA.ZS,"Population ages 0-14, male (% of male population)",https://data.worldbank.org/indicator/SP.POP.0014.MA.ZS?view=chart
Health,SP.POP.0014.TO,"Population ages 0-14, total",https://data.worldbank.org/indicator/SP.POP.0014.TO?view=chart
Health,SP.POP.0509.FE.5Y,"Population ages 05-09, female (% of female population)",https://data.worldbank.org/indicator/SP.POP.0509.FE.5Y?view=chart
Health,SP.POP.0509.MA.5Y,"Population ages 05-09, male (% of male population)",https://data.worldbank.org/indicator/SP.POP.0509.MA.5Y?view=chart
Health,SP.POP.1014.FE.5Y,"Population ages 10-14, female (% of female population)",https://data.worldbank.org/indicator/SP.POP.1014.FE.5Y?view=chart
Health,SP.POP.1014.MA.5Y,"Population ages 10-14, male (% of male population)",https://data.worldbank.org/indicator/SP.POP.1014.MA.5Y?view=chart
Health,SP.POP.1519.FE.5Y,"Population ages 15-19, female (% of female population)",https://data.worldbank.org/indicator/SP.POP.1519.FE.5Y?view=chart
Health,SP.POP.1519.MA.5Y,"Population ages 15-19, male (% of male population)",https://data.worldbank.org/indicator/SP.POP.1519.MA.5Y?view=chart
Health,SP.POP.1564.FE.IN,"Population ages 15-64, female",https://data.worldbank.org/indicator/SP.POP.1564.FE.IN?view=chart
Health,SP.POP.1564.FE.ZS,"Population ages 15-64, female (% of female population)",https://data.worldbank.org/indicator/SP.POP.1564.FE.ZS?view=chart
Health,SP.POP.1564.MA.IN,"Population ages 15-64, male",https://data.worldbank.org/indicator/SP.POP.1564.MA.IN?view=chart
Health,SP.POP.1564.MA.ZS,"Population ages 15-64, male (% of male population)",https://data.worldbank.org/indicator/SP.POP.1564.MA.ZS?view=chart
Health,SP.POP.1564.TO,"Population ages 15-64, total",https://data.worldbank.org/indicator/SP.POP.1564.TO?view=chart
Health,SP.POP.2024.FE.5Y,"Population ages 20-24, female (% of female population)",https://data.worldbank.org/indicator/SP.POP.2024.FE.5Y?view=chart
Health,SP.POP.2024.MA.5Y,"Population ages 20-24, male (% of male population)",https://data.worldbank.org/indicator/SP.POP.2024.MA.5Y?view=chart
Health,SP.POP.2529.FE.5Y,"Population ages 25-29, female (% of female population)",https://data.worldbank.org/indicator/SP.POP.2529.FE.5Y?view=chart
Health,SP.POP.2529.MA.5Y,"Population ages 25-29, male (% of male population)",https://data.worldbank.org/indicator/SP.POP.2529.MA.5Y?view=chart
Health,SP.POP.3034.FE.5Y,"Population ages 30-34, female (% of female population)",https://data.worldbank.org/indicator/SP.POP.3034.FE.5Y?view=chart
Health,SP.POP.3034.MA.5Y,"Population ages 30-34, male (% of male population)",https://data.worldbank.org/indicator/SP.POP.3034.MA.5Y?view=chart
Health,SP.POP.3539.FE.5Y,"Population ages 35-39, female (% of female population)",https://data.worldbank.org/indicator/SP.POP.3539.FE.5Y?view=chart
Health,SP.POP.3539.MA.5Y,"Population ages 35-39, male (% of male population)",https://data.worldbank.org/indicator/SP.POP.3539.MA.5Y?view=chart
Health,SP.POP.4044.FE.5Y,"Population ages 40-44, female (% of female population)",https://data.worldbank.org/indicator/SP.POP.4044.FE.5Y?view=chart
Health,SP.POP.4044.MA.5Y,"Population ages 40-44, male (% of male population)",https://data.worldbank.org/indicator/SP.POP.4044.MA.5Y?view=chart
Health,SP.POP.4549.FE.5Y,"Population ages 45-49, female (% of female population)",https://data.worldbank.org/indicator/SP.POP.4549.FE.5Y?view=chart
Health,SP.POP.4549.MA.5Y,"Population ages 45-49, male (% of male population)",https://data.worldbank.org/indicator/SP.POP.4549.MA.5Y?view=chart
Health,SP.POP.5054.FE.5Y,"Population ages 50-54, female (% of female population)",https://data.worldbank.org/indicator/SP.POP.5054.FE.5Y?view=chart
Health,SP.POP.5054.MA.5Y,"Population ages 50-54, male (% of male population)",https://data.worldbank.org/indicator/SP.POP.5054.MA.5Y?view=chart
Health,SP.POP.5559.FE.5Y,"Population ages 55-59, female (% of female population)",https://data.worldbank.org/indicator/SP.POP.5559.FE.5Y?view=chart
Health,SP.POP.5559.MA.5Y,"Population ages 55-59, male (% of male population)",https://data.worldbank.org/indicator/SP.POP.5559.MA.5Y?view=chart
Health,SP.POP.6064.FE.5Y,"Population ages 60-64, female (% of female population)",https://data.worldbank.org/indicator/SP.POP.6064.FE.5Y?view=chart
Health,SP.POP.6064.MA.5Y,"Population ages 60-64, male (% of male population)",https://data.worldbank.org/indicator/SP.POP.6064.MA.5Y?view=chart
Health,SP.POP.6569.FE.5Y,"Population ages 65-69, female (% of female population)",https://data.worldbank.org/indicator/SP.POP.6569.FE.5Y?view=chart
Health,SP.POP.6569.MA.5Y,"Population ages 65-69, male (% of male population)",https://data.worldbank.org/indicator/SP.POP.6569.MA.5Y?view=chart
Health,SP.POP.65UP.FE.IN,"Population ages 65 and above, female",https://data.worldbank.org/indicator/SP.POP.65UP.FE.IN?view=chart
Health,SP.POP.65UP.FE.ZS,"Population ages 65 and above, female (% of female population)",https://data.worldbank.org/indicator/SP.POP.65UP.FE.ZS?view=chart
Health,SP.POP.65UP.MA.IN,"Population ages 65 and above, male",https://data.worldbank.org/indicator/SP.POP.65UP.MA.IN?view=chart
Health,SP.POP.65UP.MA.ZS,"Population ages 65 and above, male (% of male population)",https://data.worldbank.org/indicator/SP.POP.65UP.MA.ZS?view=chart
Health,SP.POP.65UP.TO,"Population ages 65 and above, total",https://data.worldbank.org/indicator/SP.POP.65UP.TO?view=chart
Health,SP.POP.65UP.TO.ZS,Population ages 65 and above (% of total population),https://data.worldbank.org/indicator/SP.POP.65UP.TO.ZS?view=chart
Health,SP.POP.7074.FE.5Y,"Population ages 70-74, female (% of female population)",https://data.worldbank.org/indicator/SP.POP.7074.FE.5Y?view=chart
Health,SP.POP.7074.MA.5Y,"Population ages 70-74, male (% of male population)",https://data.worldbank.org/indicator/SP.POP.7074.MA.5Y?view=chart
Health,SP.POP.7579.FE.5Y,"Population ages 75-79, female (% of female population)",https://data.worldbank.org/indicator/SP.POP.7579.FE.5Y?view=chart
Health,SP.POP.7579.MA.5Y,"Population ages 75-79, male (% of male population)",https://data.worldbank.org/indicator/SP.POP.7579.MA.5Y?view=chart
Health,SP.POP.80UP.FE.5Y,"Population ages 80 and above, female (% of female population)",https://data.worldbank.org/indicator/SP.POP.80UP.FE.5Y?view=chart
Health,SP.POP.80UP.MA.5Y,"Population ages 80 and above, male (% of male population)",https://data.worldbank.org/indicator/SP.POP.80UP.MA.5Y?view=chart
Health,SP.POP.DPND,Age dependency ratio (% of working-age population),https://data.worldbank.org/indicator/SP.POP.DPND?view=chart
Health,SP.POP.DPND.OL,"Age dependency ratio, old (% of working-age population)",https://data.worldbank.org/indicator/SP.POP.DPND.OL?view=chart
Health,SP.POP.DPND.YG,"Age dependency ratio, young (% of working-age population)",https://data.worldbank.org/indicator/SP.POP.DPND.YG?view=chart
Health,SP.POP.TOTL.FE.IN,"Population, female",https://data.worldbank.org/indicator/SP.POP.TOTL.FE.IN?view=chart
Health,SP.POP.TOTL.FE.ZS,"Population, female (% of total population)",https://data.worldbank.org/indicator/SP.POP.TOTL.FE.ZS?view=chart
Health,SP.POP.TOTL.MA.IN,"Population, male",https://data.worldbank.org/indicator/SP.POP.TOTL.MA.IN?view=chart
Health,SP.POP.TOTL.MA.ZS,"Population, male (% of total population)",https://data.worldbank.org/indicator/SP.POP.TOTL.MA.ZS?view=chart
Private Sector,TG.VAL.TOTL.GD.ZS,Merchandise trade (% of GDP),https://data.worldbank.org/indicator/TG.VAL.TOTL.GD.ZS?view=chart
Private Sector,TG.VAL.TOTL.GD.ZS,Merchandise trade (% of GDP),https://data.worldbank.org/indicator/TG.VAL.TOTL.GD.ZS?view=chart
Trade,TG.VAL.TOTL.GD.ZS,Merchandise trade (% of GDP),https://data.worldbank.org/indicator/TG.VAL.TOTL.GD.ZS?view=chart
Trade,TG.VAL.TOTL.GD.ZS,Merchandise trade (% of GDP),https://data.worldbank.org/indicator/TG.VAL.TOTL.GD.ZS?view=chart
Private Sector,TM.VAL.MRCH.CD.WT,Merchandise imports (current US$),https://data.worldbank.org/indicator/TM.VAL.MRCH.CD.WT?view=chart
Private Sector,TM.VAL.MRCH.CD.WT,Merchandise imports (current US$),https://data.worldbank.org/indicator/TM.VAL.MRCH.CD.WT?view=chart
Trade,TM.VAL.MRCH.CD.WT,Merchandise imports (current US$),https://data.worldbank.org/indicator/TM.VAL.MRCH.CD.WT?view=chart
Trade,TM.VAL.MRCH.CD.WT,Merchandise imports (current US$),https://data.worldbank.org/indicator/TM.VAL.MRCH.CD.WT?view=chart
Private Sector,TX.VAL.MRCH.CD.WT,Merchandise exports (current US$),https://data.worldbank.org/indicator/TX.VAL.MRCH.CD.WT?view=chart
Private Sector,TX.VAL.MRCH.CD.WT,Merchandise exports (current US$),https://data.worldbank.org/indicator/TX.VAL.MRCH.CD.WT?view=chart
Trade,TX.VAL.MRCH.CD.WT,Merchandise exports (current US$),https://data.worldbank.org/indicator/TX.VAL.MRCH.CD.WT?view=chart
Trade,TX.VAL.MRCH.CD.WT,Merchandise exports (current US$),https://data.worldbank.org/indicator/TX.VAL.MRCH.CD.WT?view=chart
Public Sector,CC.EST,Control of Corruption: Estimate,https://data.worldbank.org/indicator/CC.EST?view=chart
Public Sector,CC.NO.SRC,Control of Corruption: Number of Sources,https://data.worldbank.org/indicator/CC.NO.SRC?view=chart
Public Sector,CC.PER.RNK,Control of Corruption: Percentile Rank,https://data.worldbank.org/indicator/CC.PER.RNK?view=chart
Public Sector,CC.PER.RNK.LOWER,"Control of Corruption: Percentile Rank, Lower Bound of 90% Confidence Interval",https://data.worldbank.org/indicator/CC.PER.RNK.LOWER?view=chart
Public Sector,CC.STD.ERR,Control of Corruption: Standard Error,https://data.worldbank.org/indicator/CC.STD.ERR?view=chart
Public Sector,GE.EST,Government Effectiveness: Estimate,https://data.worldbank.org/indicator/GE.EST?view=chart
Public Sector,GE.NO.SRC,Government Effectiveness: Number of Sources,https://data.worldbank.org/indicator/GE.NO.SRC?view=chart
Public Sector,GE.PER.RNK,Government Effectiveness: Percentile Rank,https://data.worldbank.org/indicator/GE.PER.RNK?view=chart
Public Sector,GE.PER.RNK.LOWER,"Government Effectiveness: Percentile Rank, Lower Bound of 90% Confidence Interval",https://data.worldbank.org/indicator/GE.PER.RNK.LOWER?view=chart
Public Sector,GE.PER.RNK.UPPER,"Government Effectiveness: Percentile Rank, Upper Bound of 90% Confidence Interval",https://data.worldbank.org/indicator/GE.PER.RNK.UPPER?view=chart
Public Sector,GE.STD.ERR,Government Effectiveness: Standard Error,https://data.worldbank.org/indicator/GE.STD.ERR?view=chart
Public Sector,IQ.SPI.PIL1,Statistical performance indicators (SPI): Pillar 1 data use score (scale 0-100),https://data.worldbank.org/indicator/IQ.SPI.PIL1?view=chart
Public Sector,IQ.SPI.PIL3,Statistical performance indicators (SPI): Pillar 3 data products score  (scale 0-100),https://data.worldbank.org/indicator/IQ.SPI.PIL3?view=chart
Public Sector,PV.EST,Political Stability and Absence of Violence/Terrorism: Estimate,https://data.worldbank.org/indicator/PV.EST?view=chart
Public Sector,PV.NO.SRC,Political Stability and Absence of Violence/Terrorism: Number of Sources,https://data.worldbank.org/indicator/PV.NO.SRC?view=chart
Public Sector,PV.PER.RNK,Political Stability and Absence of Violence/Terrorism: Percentile Rank,https://data.worldbank.org/indicator/PV.PER.RNK?view=chart
Public Sector,PV.PER.RNK.LOWER,"Political Stability and Absence of Violence/Terrorism: Percentile Rank, Lower Bound of 90% Confidence Interval",https://data.worldbank.org/indicator/PV.PER.RNK.LOWER?view=chart
Public Sector,PV.PER.RNK.UPPER,"Political Stability and Absence of Violence/Terrorism: Percentile Rank, Upper Bound of 90% Confidence Interval",https://data.worldbank.org/indicator/PV.PER.RNK.UPPER?view=chart
Public Sector,PV.STD.ERR,Political Stability and Absence of Violence/Terrorism: Standard Error,https://data.worldbank.org/indicator/PV.STD.ERR?view=chart
Public Sector,RL.EST,Rule of Law: Estimate,https://data.worldbank.org/indicator/RL.EST?view=chart
Public Sector,RL.NO.SRC,Rule of Law: Number of Sources,https://data.worldbank.org/indicator/RL.NO.SRC?view=chart
Public Sector,RL.PER.RNK,Rule of Law: Percentile Rank,https://data.worldbank.org/indicator/RL.PER.RNK?view=chart
Public Sector,RL.PER.RNK.LOWER,"Rule of Law: Percentile Rank, Lower Bound of 90% Confidence Interval",https://data.worldbank.org/indicator/RL.PER.RNK.LOWER?view=chart
Public Sector,RL.PER.RNK.UPPER,"Rule of Law: Percentile Rank, Upper Bound of 90% Confidence Interval",https://data.worldbank.org/indicator/RL.PER.RNK.UPPER?view=chart
Public Sector,RL.STD.ERR,Rule of Law: Standard Error,https://data.worldbank.org/indicator/RL.STD.ERR?view=chart
Public Sector,RQ.EST,Regulatory Quality: Estimate,https://data.worldbank.org/indicator/RQ.EST?view=chart
Public Sector,RQ.NO.SRC,Regulatory Quality: Number of Sources,https://data.worldbank.org/indicator/RQ.NO.SRC?view=chart
Public Sector,RQ.PER.RNK,Regulatory Quality: Percentile Rank,https://data.worldbank.org/indicator/RQ.PER.RNK?view=chart
Public Sector,RQ.PER.RNK.LOWER,"Regulatory Quality: Percentile Rank, Lower Bound of 90% Confidence Interval",https://data.worldbank.org/indicator/RQ.PER.RNK.LOWER?view=chart
Public Sector,RQ.PER.RNK.UPPER,"Regulatory Quality: Percentile Rank, Upper Bound of 90% Confidence Interval",https://data.worldbank.org/indicator/RQ.PER.RNK.UPPER?view=chart
Public Sector,RQ.STD.ERR,Regulatory Quality: Standard Error,https://data.worldbank.org/indicator/RQ.STD.ERR?view=chart
Public Sector,VA.EST,Voice and Accountability: Estimate,https://data.worldbank.org/indicator/VA.EST?view=chart
Public Sector,VA.NO.SRC,Voice and Accountability: Number of Sources,https://data.worldbank.org/indicator/VA.NO.SRC?view=chart
Public Sector,VA.PER.RNK,Voice and Accountability: Percentile Rank,https://data.worldbank.org/indicator/VA.PER.RNK?view=chart
Public Sector,VA.PER.RNK.LOWER,"Voice and Accountability: Percentile Rank, Lower Bound of 90% Confidence Interval",https://data.worldbank.org/indicator/VA.PER.RNK.LOWER?view=chart
Public Sector,VA.PER.RNK.UPPER,"Voice and Accountability: Percentile Rank, Upper Bound of 90% Confidence Interval",https://data.worldbank.org/indicator/VA.PER.RNK.UPPER?view=chart
Public Sector,VA.STD.ERR,Voice and Accountability: Standard Error,https://data.worldbank.org/indicator/VA.STD.ERR?view=chart
Social Development,SL.TLF.ACTI.1524.FE.ZS,"Labor force participation rate for ages 15-24, female (%) (modeled ILO estimate)",https://data.worldbank.org/indicator/SL.TLF.ACTI.1524.FE.ZS?view=chart
Social Development,SL.TLF.ACTI.1524.FE.ZS,"Labor force participation rate for ages 15-24, female (%) (modeled ILO estimate)",https://data.worldbank.org/indicator/SL.TLF.ACTI.1524.FE.ZS?view=chart
Social Protection & Labor,SL.TLF.ACTI.1524.FE.ZS,"Labor force participation rate for ages 15-24, female (%) (modeled ILO estimate)",https://data.worldbank.org/indicator/SL.TLF.ACTI.1524.FE.ZS?view=chart
Social Protection & Labor,SL.TLF.ACTI.1524.FE.ZS,"Labor force participation rate for ages 15-24, female (%) (modeled ILO estimate)",https://data.worldbank.org/indicator/SL.TLF.ACTI.1524.FE.ZS?view=chart
Social Development,SL.TLF.ACTI.1524.MA.ZS,"Labor force participation rate for ages 15-24, male (%) (modeled ILO estimate)",https://data.worldbank.org/indicator/SL.TLF.ACTI.1524.MA.ZS?view=chart
Social Development,SL.TLF.ACTI.1524.MA.ZS,"Labor force participation rate for ages 15-24, male (%) (modeled ILO estimate)",https://data.worldbank.org/indicator/SL.TLF.ACTI.1524.MA.ZS?view=chart
Social Protection & Labor,SL.TLF.ACTI.1524.MA.ZS,"Labor force participation rate for ages 15-24, male (%) (modeled ILO estimate)",https://data.worldbank.org/indicator/SL.TLF.ACTI.1524.MA.ZS?view=chart
Social Protection & Labor,SL.TLF.ACTI.1524.MA.ZS,"Labor force participation rate for ages 15-24, male (%) (modeled ILO estimate)",https://data.worldbank.org/indicator/SL.TLF.ACTI.1524.MA.ZS?view=chart
Social Development,SL.TLF.ACTI.1524.ZS,"Labor force participation rate for ages 15-24, total (%) (modeled ILO estimate)",https://data.worldbank.org/indicator/SL.TLF.ACTI.1524.ZS?view=chart
Social Development,SL.TLF.ACTI.1524.ZS,"Labor force participation rate for ages 15-24, total (%) (modeled ILO estimate)",https://data.worldbank.org/indicator/SL.TLF.ACTI.1524.ZS?view=chart
Social Protection & Labor,SL.TLF.ACTI.1524.ZS,"Labor force participation rate for ages 15-24, total (%) (modeled ILO estimate)",https://data.worldbank.org/indicator/SL.TLF.ACTI.1524.ZS?view=chart
Social Protection & Labor,SL.TLF.ACTI.1524.ZS,"Labor force participation rate for ages 15-24, total (%) (modeled ILO estimate)",https://data.worldbank.org/indicator/SL.TLF.ACTI.1524.ZS?view=chart
Social Development,SL.TLF.ACTI.FE.ZS,"Labor force participation rate, female (% of female population ages 15-64) (modeled ILO estimate)",https://data.worldbank.org/indicator/SL.TLF.ACTI.FE.ZS?view=chart
Social Development,SL.TLF.ACTI.FE.ZS,"Labor force participation rate, female (% of female population ages 15-64) (modeled ILO estimate)",https://data.worldbank.org/indicator/SL.TLF.ACTI.FE.ZS?view=chart
Social Protection & Labor,SL.TLF.ACTI.FE.ZS,"Labor force participation rate, female (% of female population ages 15-64) (modeled ILO estimate)",https://data.worldbank.org/indicator/SL.TLF.ACTI.FE.ZS?view=chart
Social Protection & Labor,SL.TLF.ACTI.FE.ZS,"Labor force participation rate, female (% of female population ages 15-64) (modeled ILO estimate)",https://data.worldbank.org/indicator/SL.TLF.ACTI.FE.ZS?view=chart
Social Development,SL.TLF.ACTI.MA.ZS,"Labor force participation rate, male (% of male population ages 15-64) (modeled ILO estimate)",https://data.worldbank.org/indicator/SL.TLF.ACTI.MA.ZS?view=chart
Social Development,SL.TLF.ACTI.MA.ZS,"Labor force participation rate, male (% of male population ages 15-64) (modeled ILO estimate)",https://data.worldbank.org/indicator/SL.TLF.ACTI.MA.ZS?view=chart
Social Protection & Labor,SL.TLF.ACTI.MA.ZS,"Labor force participation rate, male (% of male population ages 15-64) (modeled ILO estimate)",https://data.worldbank.org/indicator/SL.TLF.ACTI.MA.ZS?view=chart
Social Protection & Labor,SL.TLF.ACTI.MA.ZS,"Labor force participation rate, male (% of male population ages 15-64) (modeled ILO estimate)",https://data.worldbank.org/indicator/SL.TLF.ACTI.MA.ZS?view=chart
Social Development,SL.TLF.ACTI.ZS,"Labor force participation rate, total (% of total population ages 15-64) (modeled ILO estimate)",https://data.worldbank.org/indicator/SL.TLF.ACTI.ZS?view=chart
Social Development,SL.TLF.ACTI.ZS,"Labor force participation rate, total (% of total population ages 15-64) (modeled ILO estimate)",https://data.worldbank.org/indicator/SL.TLF.ACTI.ZS?view=chart
Social Protection & Labor,SL.TLF.ACTI.ZS,"Labor force participation rate, total (% of total population ages 15-64) (modeled ILO estimate)",https://data.worldbank.org/indicator/SL.TLF.ACTI.ZS?view=chart
Social Protection & Labor,SL.TLF.ACTI.ZS,"Labor force participation rate, total (% of total population ages 15-64) (modeled ILO estimate)",https://data.worldbank.org/indicator/SL.TLF.ACTI.ZS?view=chart
Social Protection & Labor,SL.EMP.1524.SP.ZS,"Employment to population ratio, ages 15-24, total (%) (modeled ILO estimate)",https://data.worldbank.org/indicator/SL.EMP.1524.SP.ZS?view=chart
Social Protection & Labor,SL.EMP.MPYR.ZS,"Employers, total (% of total employment) (modeled ILO estimate)",https://data.worldbank.org/indicator/SL.EMP.MPYR.ZS?view=chart
Social Protection & Labor,SL.EMP.SELF.ZS,"Self-employed, total (% of total employment) (modeled ILO estimate)",https://data.worldbank.org/indicator/SL.EMP.SELF.ZS?view=chart
Social Protection & Labor,SL.EMP.TOTL.SP.ZS,"Employment to population ratio, 15+, total (%) (modeled ILO estimate)",https://data.worldbank.org/indicator/SL.EMP.TOTL.SP.ZS?view=chart
Social Protection & Labor,SL.EMP.WORK.ZS,"Wage and salaried workers, total (% of total employment) (modeled ILO estimate)",https://data.worldbank.org/indicator/SL.EMP.WORK.ZS?view=chart
Social Protection & Labor,SL.FAM.WORK.ZS,"Contributing family workers, total (% of total employment) (modeled ILO estimate)",https://data.worldbank.org/indicator/SL.FAM.WORK.ZS?view=chart
Social Protection & Labor,SL.IND.EMPL.ZS,Employment in industry (% of total employment) (modeled ILO estimate),https://data.worldbank.org/indicator/SL.IND.EMPL.ZS?view=chart
Social Protection & Labor,SL.SRV.EMPL.ZS,Employment in services (% of total employment) (modeled ILO estimate),https://data.worldbank.org/indicator/SL.SRV.EMPL.ZS?view=chart
Social Protection & Labor,SL.TLF.CACT.FM.ZS,Ratio of female to male labor force participation rate (%) (modeled ILO estimate),https://data.worldbank.org/indicator/SL.TLF.CACT.FM.ZS?view=chart
Social Protection & Labor,SL.TLF.CACT.ZS,"Labor force participation rate, total (% of total population ages 15+) (modeled ILO estimate)",https://data.worldbank.org/indicator/SL.TLF.CACT.ZS?view=chart
Social Protection & Labor,SL.UEM.1524.ZS,"Unemployment, youth total (% of total labor force ages 15-24) (modeled ILO estimate)",https://data.worldbank.org/indicator/SL.UEM.1524.ZS?view=chart
